Protocollo;Gruppo;DataOraIncidente;Localizzazione1;STRADA1;Localizzazione2;STRADA2;Strada02;Chilometrica;DaSpecificare;NaturaIncidente;particolaritastrade;TipoStrada;FondoStradale;Pavimentazione;Segnaletica;CondizioneAtmosferica;Traffico;Visibilita;Illuminazione;NUM_FERITI;NUM_RISERVATA;NUM_MORTI;NUM_ILLESI;Longitudine;Latitudine;Confermato;Progressivo;TipoVeicolo;StatoVeicolo;TipoPersona;Sesso;Tipolesione;Deceduto;DecedutoDopo;CinturaCascoUtilizzato;Airbag
1797657;2;16/04/2009 13:15;Strada Urbana;VIALE MARESCIALLO PILSUDSKI;in corrispondenza;;del civico n. ;21;;Tamponamento Multiplo;Rettilineo;Una carreggiata a doppio senso;Asciutto;Asfaltata;Orizzontale;Nuvoloso;Normale;Buona;Ore Diurne;1;0;0;6;;;-1;3;Autovettura privata;In marcia / fermata / arresto;Passeggero;F;Illeso;0;;Non accertato;Inesistente
1797657;2;16/04/2009 13:15;Strada Urbana;VIALE MARESCIALLO PILSUDSKI;in corrispondenza;;del civico n. ;21;;Tamponamento Multiplo;Rettilineo;Una carreggiata a doppio senso;Asciutto;Asfaltata;Orizzontale;Nuvoloso;Normale;Buona;Ore Diurne;1;0;0;6;;;-1;4;Autovettura privata;In marcia / fermata / arresto;Conducente;F;Illeso;0;;Non accertato;Inesistente
1797658;2;16/04/2009 16:20;Strada Urbana;VIA DELLE TRE MADONNE;all'intersezione con;VIA ULISSE ALDROVANDI;VIA ULISSE ALDROVANDI;;;Scontro frontale/laterale SX fra veicoli in marcia;Incrocio;Una carreggiata a senso unico di marcia;Asciutto;Asfaltata;Verticale ed orizzontale;Nuvoloso;Normale;Sufficiente;Ore Diurne;2;0;0;1;;;-1;1;Autovettura privata;In marcia / fermata / arresto;Conducente;M;Illeso;0;;Non accertato;Inesistente
1797658;2;16/04/2009 16:20;Strada Urbana;VIA DELLE TRE MADONNE;all'intersezione con;VIA ULISSE ALDROVANDI;VIA ULISSE ALDROVANDI;;;Scontro frontale/laterale SX fra veicoli in marcia;Incrocio;Una carreggiata a senso unico di marcia;Asciutto;Asfaltata;Verticale ed orizzontale;Nuvoloso;Normale;Sufficiente;Ore Diurne;2;0;0;1;;;-1;2;Motociclo con passeggero;In marcia / fermata / arresto;Conducente;M;Rimandato;0;NON DECEDUTO;Non accertato;Inesistente
1797658;2;16/04/2009 16:20;Strada Urbana;VIA DELLE TRE MADONNE;all'intersezione con;VIA ULISSE ALDROVANDI;VIA ULISSE ALDROVANDI;;;Scontro frontale/laterale SX fra veicoli in marcia;Incrocio;Una carreggiata a senso unico di marcia;Asciutto;Asfaltata;Verticale ed orizzontale;Nuvoloso;Normale;Sufficiente;Ore Diurne;2;0;0;1;;;-1;2;Motociclo con passeggero;In marcia / fermata / arresto;Passeggero;M;Rimandato;0;NON DECEDUTO;Non accertato;Inesistente
1797659;2;16/04/2009 17:45;Strada Urbana;LARGO AMILCARE PONCHIELLI;all'intersezione semaforizzata con;VIA GASPARE SPONTINI;VIA GASPARE SPONTINI;;;Scontro frontale/laterale DX fra veicoli in marcia;Intersezione semaforizzata;Una carreggiata a doppio senso;Asciutto;Asfaltata;Verticale ed orizzontale;Nuvoloso;Normale;Buona;Ore Diurne;0;1;0;1;;;-1;1;Autovettura privata;In marcia / fermata / arresto;Conducente;M;Illeso;0;;Non accertato;Inesistente
1797659;2;16/04/2009 17:45;Strada Urbana;LARGO AMILCARE PONCHIELLI;all'intersezione semaforizzata con;VIA GASPARE SPONTINI;VIA GASPARE SPONTINI;;;Scontro frontale/laterale DX fra veicoli in marcia;Intersezione semaforizzata;Una carreggiata a doppio senso;Asciutto;Asfaltata;Verticale ed orizzontale;Nuvoloso;Normale;Buona;Ore Diurne;0;1;0;1;;;-1;2;Motociclo a solo;In marcia / fermata / arresto;Conducente;M;Prognosi riservata;0;NON DECEDUTO;Non accertato;Inesistente
1797661;20;15/04/2009 07:30;Statale;VIA CASSIA;da specificare;;;;altezza VIA QUADRONI;Scontro laterale fra veicoli in marcia;Rettilineo;Una carreggiata a doppio senso;Asciutto;Asfaltata;Orizzontale;Sereno;Intenso;Buona;Ore Diurne;2;0;0;1;;;-1;1;Autovettura privata;In marcia / fermata / arresto;Conducente;M;Illeso;0;;Non accertato;Inesploso
1797661;20;15/04/2009 07:30;Statale;VIA CASSIA;da specificare;;;;altezza VIA QUADRONI;Scontro laterale fra veicoli in marcia;Rettilineo;Una carreggiata a doppio senso;Asciutto;Asfaltata;Orizzontale;Sereno;Intenso;Buona;Ore Diurne;2;0;0;1;;;-1;2;Motociclo con passeggero;In marcia / fermata / arresto;Conducente;M;Rimandato;0;NON DECEDUTO;Non accertato;Inesistente
1797661;20;15/04/2009 07:30;Statale;VIA CASSIA;da specificare;;;;altezza VIA QUADRONI;Scontro laterale fra veicoli in marcia;Rettilineo;Una carreggiata a doppio senso;Asciutto;Asfaltata;Orizzontale;Sereno;Intenso;Buona;Ore Diurne;2;0;0;1;;;-1;2;Motociclo con passeggero;In marcia / fermata / arresto;Passeggero;F;Ricoverato;0;NON DECEDUTO;Non accertato;Inesistente
1797662;20;15/04/2009 12:15;Altra strada;VIA CASSIA;da specificare;;;;civico 764 area parcheggio supermercato GS;Veicolo in marcia contro veicolo in sosta;Rettilineo;Una carreggiata a doppio senso;Asciutto;Asfaltata;Orizzontale;Sereno;Scarso;Buona;Ore Diurne;0;0;0;1;;;-1;2;Autocarro superiore 35 q.;In marcia / fermata / arresto;Conducente;M;Illeso;0;;Non accertato;Inesistente
1797663;20;16/04/2009 16:20;Strada Urbana;VIALE DI TOR DI QUINTO;in prossimità;;del civico n. ;119;;Scontro laterale fra veicoli in marcia;Rettilineo;Due carreggiate;Asciutto;Asfaltata;Verticale ed orizzontale;Nuvoloso;Normale;Buona;Ore Diurne;0;0;0;3;;;-1;1;Autovettura privata;In marcia / fermata / arresto;Conducente;F;Illeso;0;;Non accertato;Inesploso
1797663;20;16/04/2009 16:20;Strada Urbana;VIALE DI TOR DI QUINTO;in prossimità;;del civico n. ;119;;Scontro laterale fra veicoli in marcia;Rettilineo;Due carreggiate;Asciutto;Asfaltata;Verticale ed orizzontale;Nuvoloso;Normale;Buona;Ore Diurne;0;0;0;3;;;-1;1;Autovettura privata;In marcia / fermata / arresto;Passeggero;F;Illeso;0;;Non accertato;Inesistente
1797663;20;16/04/2009 16:20;Strada Urbana;VIALE DI TOR DI QUINTO;in prossimità;;del civico n. ;119;;Scontro laterale fra veicoli in marcia;Rettilineo;Due carreggiate;Asciutto;Asfaltata;Verticale ed orizzontale;Nuvoloso;Normale;Buona;Ore Diurne;0;0;0;3;;;-1;2;Motociclo a solo;In marcia / fermata / arresto;Conducente;M;Illeso;0;;Non accertato;Inesistente
1797664;20;16/04/2009 22:05;Strada Urbana;VIA VILFREDO PARETO;in prossimità;;del palo luce n. ;12;;Veicolo in marcia contro ostacolo fisso;Curva senza visuale libera;Una carreggiata a doppio senso;Bagnato (pioggia);Asfaltata;Orizzontale;Pioggia in atto;Normale;Sufficiente;Sufficiente;0;0;0;1;;;-1;1;Autovettura privata;In marcia / fermata / arresto;Conducente;F;Illeso;0;;Non accertato;Inesploso
1797665;3;15/04/2009 08:20;Strada Urbana;VIA LIVORNO;all'intersezione con;VIA PISA;VIA PISA;;;Scontro frontale/laterale SX fra veicoli in marcia;Incrocio;Una carreggiata a doppio senso;Asciutto;Asfaltata;Verticale ed orizzontale;Sereno;Normale;Buona;Ore Diurne;1;0;0;1;;;-1;1;Autovettura privata;In marcia / fermata / arresto;Conducente;F;Illeso;0;;Utilizzato;Inesistente
1797665;3;15/04/2009 08:20;Strada Urbana;VIA LIVORNO;all'intersezione con;VIA PISA;VIA PISA;;;Scontro frontale/laterale SX fra veicoli in marcia;Incrocio;Una carreggiata a doppio senso;Asciutto;Asfaltata;Verticale ed orizzontale;Sereno;Normale;Buona;Ore Diurne;1;0;0;1;;;-1;2;Motociclo a solo;In marcia / fermata / arresto;Conducente;F;Rimandato;0;NON DECEDUTO;Utilizzato;Inesistente
1797666;3;15/04/2009 09:00;Strada Urbana;VIA DELLA LEGA LOMBARDA;all'intersezione semaforizzata con;VIA ARDUINO;VIA ARDUINO;;;Scontro frontale fra veicoli in marcia;Intersezione semaforizzata;Una carreggiata a doppio senso;Asciutto;Asfaltata;Verticale ed orizzontale;Sereno;Normale;Buona;Ore Diurne;0;0;0;2;;;-1;1;Autovettura privata;In marcia / fermata / arresto;Conducente;M;Illeso;0;;Utilizzato;Inesistente
1797666;3;15/04/2009 09:00;Strada Urbana;VIA DELLA LEGA LOMBARDA;all'intersezione semaforizzata con;VIA ARDUINO;VIA ARDUINO;;;Scontro frontale fra veicoli in marcia;Intersezione semaforizzata;Una carreggiata a doppio senso;Asciutto;Asfaltata;Verticale ed orizzontale;Sereno;Normale;Buona;Ore Diurne;0;0;0;2;;;-1;2;Motociclo a solo;In marcia / fermata / arresto;Conducente;M;Illeso;0;;Utilizzato;Inesistente
1797667;3;15/04/2009 12:00;Strada Urbana;PIAZZALE DEL VERANO;da specificare;;;;fr. capolinea TRAMBUS lato cim. VERANO;Scontro frontale/laterale DX fra veicoli in marcia;Curva a visuale libera;Una carreggiata a senso unico alternato;Asciutto;Asfaltata;Orizzontale;Sereno;Normale;Buona;Ore Diurne;0;0;0;2;;;-1;1;Autovettura privata;In marcia / fermata / arresto;Conducente;M;Illeso;0;;Utilizzato;Inesistente
1797667;3;15/04/2009 12:00;Strada Urbana;PIAZZALE DEL VERANO;da specificare;;;;fr. capolinea TRAMBUS lato cim. VERANO;Scontro frontale/laterale DX fra veicoli in marcia;Curva a visuale libera;Una carreggiata a senso unico alternato;Asciutto;Asfaltata;Orizzontale;Sereno;Normale;Buona;Ore Diurne;0;0;0;2;;;-1;2;Autovettura privata;In marcia / fermata / arresto;Conducente;F;Illeso;0;;Utilizzato;Inesistente
1797668;3;15/04/2009 12:35;Strada Urbana;VIALE REGINA MARGHERITA;all'intersezione semaforizzata con;VIA GIOVANNI BATTISTA MORGAGNI;VIA GIOVANNI BATTISTA MORGAGNI;;;Scontro laterale fra veicoli in marcia;Intersezione semaforizzata;Due carreggiate;Asciutto;Asfaltata;Verticale ed orizzontale;Sereno;Intenso;Buona;Ore Diurne;1;0;0;2;;;-1;1;Autovettura privata;In marcia / fermata / arresto;Conducente;M;Illeso;0;;Utilizzato;Inesistente
1797668;3;15/04/2009 12:35;Strada Urbana;VIALE REGINA MARGHERITA;all'intersezione semaforizzata con;VIA GIOVANNI BATTISTA MORGAGNI;VIA GIOVANNI BATTISTA MORGAGNI;;;Scontro laterale fra veicoli in marcia;Intersezione semaforizzata;Due carreggiate;Asciutto;Asfaltata;Verticale ed orizzontale;Sereno;Intenso;Buona;Ore Diurne;1;0;0;2;;;-1;1;Autovettura privata;In marcia / fermata / arresto;Passeggero;M;Illeso;0;;Utilizzato;Inesistente
1797668;3;15/04/2009 12:35;Strada Urbana;VIALE REGINA MARGHERITA;all'intersezione semaforizzata con;VIA GIOVANNI BATTISTA MORGAGNI;VIA GIOVANNI BATTISTA MORGAGNI;;;Scontro laterale fra veicoli in marcia;Intersezione semaforizzata;Due carreggiate;Asciutto;Asfaltata;Verticale ed orizzontale;Sereno;Intenso;Buona;Ore Diurne;1;0;0;2;;;-1;2;Motociclo a solo;In marcia / fermata / arresto;Conducente;M;Rimandato;0;NON DECEDUTO;Utilizzato;Inesistente
1797669;3;15/04/2009 15:30;Strada Urbana;VIA DEI VILLINI;da specificare;;;;alt. civico 28/A;Veicolo in marcia contro veicolo fermo;Pendenza;Una carreggiata a senso unico di marcia;Asciutto;In cubetti di porfido;Orizzontale;Sereno;Scarso;Buona;Ore Diurne;1;0;0;1;;;-1;;;;Pedone;F;Ricoverato;0;NON DECEDUTO;;
1797669;3;15/04/2009 15:30;Strada Urbana;VIA DEI VILLINI;da specificare;;;;alt. civico 28/A;Veicolo in marcia contro veicolo fermo;Pendenza;Una carreggiata a senso unico di marcia;Asciutto;In cubetti di porfido;Orizzontale;Sereno;Scarso;Buona;Ore Diurne;1;0;0;1;;;-1;1;Autovettura privata;In marcia / fermata / arresto;Conducente;M;Illeso;0;;Utilizzato;Inesistente
1797670;3;15/04/2009 21:40;Strada Urbana;VIALE REGINA ELENA;all'intersezione con;VIALE DELL'UNIVERSITA';VIALE DELL'UNIVERSITA';;;Scontro frontale fra veicoli in marcia;Incrocio;Due carreggiate;Asciutto;Asfaltata;Verticale ed orizzontale;Sereno;Scarso;Buona;Sufficiente;1;0;0;1;;;-1;1;Autovettura privata;In marcia / fermata / arresto;Conducente;F;Illeso;0;;Utilizzato;Inesistente
1797670;3;15/04/2009 21:40;Strada Urbana;VIALE REGINA ELENA;all'intersezione con;VIALE DELL'UNIVERSITA';VIALE DELL'UNIVERSITA';;;Scontro frontale fra veicoli in marcia;Incrocio;Due carreggiate;Asciutto;Asfaltata;Verticale ed orizzontale;Sereno;Scarso;Buona;Sufficiente;1;0;0;1;;;-1;2;Motociclo a solo;In marcia / fermata / arresto;Conducente;M;Rimandato;0;NON DECEDUTO;Utilizzato;Inesistente
1797674;5;01/04/2009 20:00;Strada Urbana;VIA DI PORTONACCIO;in corrispondenza;;del civico n. ;20;;Tamponamento;Rettilineo;Una carreggiata a doppio senso;Bagnato (pioggia);Asfaltata;Verticale ed orizzontale;Pioggia in atto;Normale;Sufficiente;Sufficiente;0;0;0;4;;;-1;1;Autovettura privata;In marcia / fermata / arresto;Conducente;M;Illeso;0;;Non accertato;Inesistente
1797674;5;01/04/2009 20:00;Strada Urbana;VIA DI PORTONACCIO;in corrispondenza;;del civico n. ;20;;Tamponamento;Rettilineo;Una carreggiata a doppio senso;Bagnato (pioggia);Asfaltata;Verticale ed orizzontale;Pioggia in atto;Normale;Sufficiente;Sufficiente;0;0;0;4;;;-1;2;Autovettura privata;In marcia / fermata / arresto;Conducente;M;Illeso;0;;Non accertato;Inesistente
1797674;5;01/04/2009 20:00;Strada Urbana;VIA DI PORTONACCIO;in corrispondenza;;del civico n. ;20;;Tamponamento;Rettilineo;Una carreggiata a doppio senso;Bagnato (pioggia);Asfaltata;Verticale ed orizzontale;Pioggia in atto;Normale;Sufficiente;Sufficiente;0;0;0;4;;;-1;3;Autovettura privata;In marcia / fermata / arresto;Conducente;M;Illeso;0;;Non accertato;Inesistente
1797674;5;01/04/2009 20:00;Strada Urbana;VIA DI PORTONACCIO;in corrispondenza;;del civico n. ;20;;Tamponamento;Rettilineo;Una carreggiata a doppio senso;Bagnato (pioggia);Asfaltata;Verticale ed orizzontale;Pioggia in atto;Normale;Sufficiente;Sufficiente;0;0;0;4;;;-1;4;Autovettura privata;In marcia / fermata / arresto;Conducente;F;Illeso;0;;Non accertato;Inesistente
1797675;5;04/04/2009 14:15;Statale entro l'abitato;VIA TIBURTINA;in prossimità;;del civico n. ;1356;;Tamponamento;Rettilineo;Una carreggiata a doppio senso;Asciutto;Asfaltata;Verticale ed orizzontale;Sereno;Normale;Buona;Ore Diurne;1;0;0;1;;;-1;1;Autovettura privata;In marcia / fermata / arresto;Conducente;M;Illeso;0;;Non accertato;Inesistente
1797675;5;04/04/2009 14:15;Statale entro l'abitato;VIA TIBURTINA;in prossimità;;del civico n. ;1356;;Tamponamento;Rettilineo;Una carreggiata a doppio senso;Asciutto;Asfaltata;Verticale ed orizzontale;Sereno;Normale;Buona;Ore Diurne;1;0;0;1;;;-1;2;Motociclo a solo;In marcia / fermata / arresto;Conducente;F;Rimandato;0;NON DECEDUTO;Utilizzato;Inesistente
1797676;7;16/04/2009 21:30;Strada Urbana;VIA GINO SEVERINI;all'intersezione con;VIALE FRANCO ANGELI;VIALE FRANCO ANGELI;;;Scontro laterale fra veicoli in marcia;Incrocio;Una carreggiata a doppio senso;Asciutto;Asfaltata;Verticale ed orizzontale;Sereno;Scarso;Buona;Sufficiente;2;0;0;1;;;-1;1;Autovettura privata;In marcia / fermata / arresto;Conducente;M;Rimandato;0;NON DECEDUTO;Non accertato;Inesistente
1797676;7;16/04/2009 21:30;Strada Urbana;VIA GINO SEVERINI;all'intersezione con;VIALE FRANCO ANGELI;VIALE FRANCO ANGELI;;;Scontro laterale fra veicoli in marcia;Incrocio;Una carreggiata a doppio senso;Asciutto;Asfaltata;Verticale ed orizzontale;Sereno;Scarso;Buona;Sufficiente;2;0;0;1;;;-1;1;Autovettura privata;In marcia / fermata / arresto;Passeggero;M;Rimandato;0;NON DECEDUTO;Non accertato;Inesistente
1797676;7;16/04/2009 21:30;Strada Urbana;VIA GINO SEVERINI;all'intersezione con;VIALE FRANCO ANGELI;VIALE FRANCO ANGELI;;;Scontro laterale fra veicoli in marcia;Incrocio;Una carreggiata a doppio senso;Asciutto;Asfaltata;Verticale ed orizzontale;Sereno;Scarso;Buona;Sufficiente;2;0;0;1;;;-1;2;Autovettura privata;In marcia / fermata / arresto;Conducente;M;Illeso;0;;Non accertato;Inesistente
1797677;8;16/04/2009 06:10;Strada Urbana;VIA DEL FOSSO DI S. MAURA;all'intersezione semaforizzata con;VIALE ANTONIO CIAMARRA;VIALE ANTONIO CIAMARRA;;;Scontro frontale/laterale DX fra veicoli in marcia;Intersezione semaforizzata;Una carreggiata a doppio senso;Asciutto;Asfaltata;Verticale ed orizzontale;Sereno;Normale;Buona;Ore Diurne;0;0;0;2;;;-1;1;Autovettura privata;In marcia / fermata / arresto;Conducente;M;Illeso;0;;Non accertato;Inesistente
1797677;8;16/04/2009 06:10;Strada Urbana;VIA DEL FOSSO DI S. MAURA;all'intersezione semaforizzata con;VIALE ANTONIO CIAMARRA;VIALE ANTONIO CIAMARRA;;;Scontro frontale/laterale DX fra veicoli in marcia;Intersezione semaforizzata;Una carreggiata a doppio senso;Asciutto;Asfaltata;Verticale ed orizzontale;Sereno;Normale;Buona;Ore Diurne;0;0;0;2;;;-1;2;Autovettura privata;In marcia / fermata / arresto;Conducente;M;Illeso;0;;Non accertato;Inesistente
1797678;8;16/04/2009 11:50;Statale entro l'abitato;VIA CASILINA;da specificare;;;;ALT. CAPOLINEA GROTTE CELONI;Tamponamento;Rettilineo;Una carreggiata a doppio senso;Asciutto;Asfaltata;Verticale ed orizzontale;Sereno;Normale;Buona;Ore Diurne;0;0;0;2;;;-1;1;Autovettura privata;In marcia / fermata / arresto;Conducente;F;Illeso;0;;Non accertato;Inesploso
1797678;8;16/04/2009 11:50;Statale entro l'abitato;VIA CASILINA;da specificare;;;;ALT. CAPOLINEA GROTTE CELONI;Tamponamento;Rettilineo;Una carreggiata a doppio senso;Asciutto;Asfaltata;Verticale ed orizzontale;Sereno;Normale;Buona;Ore Diurne;0;0;0;2;;;-1;2;Autovettura privata;In marcia / fermata / arresto;Conducente;M;Illeso;0;;Non accertato;Inesploso
1797679;8;16/04/2009 14:00;Strada Urbana;VIA DEL CASALE DEL FINOCCHIO;in corrispondenza;;del civico n. ;56;;Investimento di pedone;Rettilineo;Una carreggiata a doppio senso;Asciutto;Asfaltata;Verticale ed orizzontale;Nuvoloso;Normale;Buona;Ore Diurne;1;0;0;0;;;-1;;;;Pedone;M;Rimandato;0;NON DECEDUTO;;
1797680;8;16/04/2009 14:15;Strada Urbana;VIA WALTER TOBAGI;all'intersezione con;VIA DEL PETTIROSSO;VIA DEL PETTIROSSO;;;Scontro laterale fra veicoli in marcia;Intersezione stradale segnalata;Una carreggiata a doppio senso;Asciutto;Asfaltata;Verticale ed orizzontale;Nuvoloso;Intenso;Buona;Ore Diurne;1;0;0;1;;;-1;1;Autovettura privata;In marcia / fermata / arresto;Conducente;M;Illeso;0;;Non accertato;Inesistente
1797680;8;16/04/2009 14:15;Strada Urbana;VIA WALTER TOBAGI;all'intersezione con;VIA DEL PETTIROSSO;VIA DEL PETTIROSSO;;;Scontro laterale fra veicoli in marcia;Intersezione stradale segnalata;Una carreggiata a doppio senso;Asciutto;Asfaltata;Verticale ed orizzontale;Nuvoloso;Intenso;Buona;Ore Diurne;1;0;0;1;;;-1;2;Ciclomotore;In marcia / fermata / arresto;Conducente;M;Rifiuta cure immediate;0;NON DECEDUTO;Non accertato;Inesistente
1797681;8;16/04/2009 14:30;Statale entro l'abitato;VIA CASILINA;all'intersezione con;VIA DELLE DUE TORRI;VIA DELLE DUE TORRI;;;Scontro frontale/laterale DX fra veicoli in marcia;Intersezione semaforizzata;Una carreggiata a doppio senso;Asciutto;Asfaltata;Verticale ed orizzontale;Nuvoloso;Normale;Buona;Ore Diurne;2;0;0;1;;;-1;1;Autovettura privata;In marcia / fermata / arresto;Conducente;M;Rimandato;0;NON DECEDUTO;Non accertato;Inesploso
1797681;8;16/04/2009 14:30;Statale entro l'abitato;VIA CASILINA;all'intersezione con;VIA DELLE DUE TORRI;VIA DELLE DUE TORRI;;;Scontro frontale/laterale DX fra veicoli in marcia;Intersezione semaforizzata;Una carreggiata a doppio senso;Asciutto;Asfaltata;Verticale ed orizzontale;Nuvoloso;Normale;Buona;Ore Diurne;2;0;0;1;;;-1;1;Autovettura privata;In marcia / fermata / arresto;Passeggero;F;Rimandato;0;NON DECEDUTO;Non accertato;Inesistente
1797681;8;16/04/2009 14:30;Statale entro l'abitato;VIA CASILINA;all'intersezione con;VIA DELLE DUE TORRI;VIA DELLE DUE TORRI;;;Scontro frontale/laterale DX fra veicoli in marcia;Intersezione semaforizzata;Una carreggiata a doppio senso;Asciutto;Asfaltata;Verticale ed orizzontale;Nuvoloso;Normale;Buona;Ore Diurne;2;0;0;1;;;-1;2;Autovettura privata;In marcia / fermata / arresto;Conducente;M;Illeso;0;;Non accertato;Inesistente
1797682;8;16/04/2009 17:45;Statale entro l'abitato;VIA CASILINA;all'intersezione semaforizzata con;VIA DI TORRE SPACCATA;VIA DI TORRE SPACCATA;;;Scontro laterale fra veicoli in marcia;Intersezione semaforizzata;Una carreggiata a doppio senso;Asciutto;Asfaltata;Verticale ed orizzontale;Sereno;Intenso;Buona;Ore Diurne;1;0;0;2;;;-1;1;Autovettura privata;In marcia / fermata / arresto;Conducente;M;Illeso;0;;Non accertato;Inesistente
1797682;8;16/04/2009 17:45;Statale entro l'abitato;VIA CASILINA;all'intersezione semaforizzata con;VIA DI TORRE SPACCATA;VIA DI TORRE SPACCATA;;;Scontro laterale fra veicoli in marcia;Intersezione semaforizzata;Una carreggiata a doppio senso;Asciutto;Asfaltata;Verticale ed orizzontale;Sereno;Intenso;Buona;Ore Diurne;1;0;0;2;;;-1;1;Autovettura privata;In marcia / fermata / arresto;Passeggero;M;Illeso;0;;Non accertato;Inesistente
1797682;8;16/04/2009 17:45;Statale entro l'abitato;VIA CASILINA;all'intersezione semaforizzata con;VIA DI TORRE SPACCATA;VIA DI TORRE SPACCATA;;;Scontro laterale fra veicoli in marcia;Intersezione semaforizzata;Una carreggiata a doppio senso;Asciutto;Asfaltata;Verticale ed orizzontale;Sereno;Intenso;Buona;Ore Diurne;1;0;0;2;;;-1;2;Motociclo a solo;In marcia / fermata / arresto;Conducente;M;Rimandato;0;NON DECEDUTO;Non accertato;Inesistente
1797683;8;16/04/2009 20:30;Strada Urbana;VIA DI PASSOLOMBARDO;all'intersezione con;VIA DI TOR VERGATA;VIA DI TOR VERGATA;;;Tamponamento Multiplo;Intersezione stradale segnalata;Una carreggiata a senso unico di marcia;Asciutto;Asfaltata;Verticale ed orizzontale;Nuvoloso;Normale;Buona;Insufficiente;1;0;0;2;;;-1;1;Autovettura privata;In marcia / fermata / arresto;Conducente;M;Illeso;0;;Non accertato;Inesistente
1797683;8;16/04/2009 20:30;Strada Urbana;VIA DI PASSOLOMBARDO;all'intersezione con;VIA DI TOR VERGATA;VIA DI TOR VERGATA;;;Tamponamento Multiplo;Intersezione stradale segnalata;Una carreggiata a senso unico di marcia;Asciutto;Asfaltata;Verticale ed orizzontale;Nuvoloso;Normale;Buona;Insufficiente;1;0;0;2;;;-1;2;Autovettura privata;In marcia / fermata / arresto;Conducente;M;Rifiuta cure immediate;0;NON DECEDUTO;Non accertato;Inesistente
1797683;8;16/04/2009 20:30;Strada Urbana;VIA DI PASSOLOMBARDO;all'intersezione con;VIA DI TOR VERGATA;VIA DI TOR VERGATA;;;Tamponamento Multiplo;Intersezione stradale segnalata;Una carreggiata a senso unico di marcia;Asciutto;Asfaltata;Verticale ed orizzontale;Nuvoloso;Normale;Buona;Insufficiente;1;0;0;2;;;-1;3;Autovettura privata;In marcia / fermata / arresto;Conducente;F;Illeso;0;;Non accertato;Inesistente
1797684;8;17/04/2009 02:20;Strada Urbana;VIA CASILINA;in corrispondenza;;del civico n. ;1110;;Tamponamento;Rettilineo;Una carreggiata a doppio senso;Bagnato (pioggia);Asfaltata;Verticale ed orizzontale;Pioggia in atto;Scarso;Sufficiente;Sufficiente;1;0;0;1;;;-1;1;Autocarro inferiore 35 q.;In marcia / fermata / arresto;Conducente;M;Illeso;0;;Non accertato;Inesistente
1797684;8;17/04/2009 02:20;Strada Urbana;VIA CASILINA;in corrispondenza;;del civico n. ;1110;;Tamponamento;Rettilineo;Una carreggiata a doppio senso;Bagnato (pioggia);Asfaltata;Verticale ed orizzontale;Pioggia in atto;Scarso;Sufficiente;Sufficiente;1;0;0;1;;;-1;2;Autovettura privata;In marcia / fermata / arresto;Conducente;M;Rifiuta cure immediate;0;NON DECEDUTO;Non accertato;Inesistente
1797686;9;03/04/2009 08:10;Strada Urbana;VIA CASILINA;da specificare;;;;altezza tang. est  via orti variani;Infortunio per caduta del veicolo;Rettilineo;Una carreggiata a senso unico di marcia;Asciutto;Strada pavimentata dissestata;Assente;Sereno;Normale;Sufficiente;Ore Diurne;1;0;0;0;;;-1;1;Ciclomotore;In marcia / fermata / arresto;Conducente;F;Rimandato;0;NON DECEDUTO;Non accertato;Inesistente
1797687;9;15/04/2009 18:00;Strada Urbana;VIA FREGENE;all'intersezione con;VIA ARDEA;VIA ARDEA;;;Scontro frontale/laterale SX fra veicoli in marcia;Incrocio;Una carreggiata a senso unico di marcia;Asciutto;Asfaltata;Verticale ed orizzontale;Sereno;Normale;Sufficiente;Ore Diurne;0;0;0;3;;;-1;1;Autovettura privata;In marcia / fermata / arresto;Conducente;M;Illeso;0;;Non accertato;Inesistente
1797687;9;15/04/2009 18:00;Strada Urbana;VIA FREGENE;all'intersezione con;VIA ARDEA;VIA ARDEA;;;Scontro frontale/laterale SX fra veicoli in marcia;Incrocio;Una carreggiata a senso unico di marcia;Asciutto;Asfaltata;Verticale ed orizzontale;Sereno;Normale;Sufficiente;Ore Diurne;0;0;0;3;;;-1;2;Autovettura privata;In marcia / fermata / arresto;Conducente;F;Illeso;0;;Non accertato;Inesistente
1797687;9;15/04/2009 18:00;Strada Urbana;VIA FREGENE;all'intersezione con;VIA ARDEA;VIA ARDEA;;;Scontro frontale/laterale SX fra veicoli in marcia;Incrocio;Una carreggiata a senso unico di marcia;Asciutto;Asfaltata;Verticale ed orizzontale;Sereno;Normale;Sufficiente;Ore Diurne;0;0;0;3;;;-1;2;Autovettura privata;In marcia / fermata / arresto;Passeggero;M;Illeso;0;;Non accertato;Inesistente
1797688;9;16/04/2009 09:15;Strada Urbana;VIA SEGESTA;in prossimità;;del civico n. ;1;;Scontro laterale fra veicoli in marcia;Rettilineo;Una carreggiata a doppio senso;Asciutto;Asfaltata;Orizzontale;Sereno;Scarso;Buona;Ore Diurne;0;0;0;2;;;-1;1;Autocarro inferiore 35 q.;In marcia / fermata / arresto;Conducente;M;Illeso;0;;Utilizzato;Inesploso